<beans:beans xmlns="http://www.springframework.org/schema/security"
             xmlns:beans="http://www.springframework.org/schema/beans" 
             xmlns:xsi="http://www.w3.org/2001/XMLSchema-instance"
             xsi:schemaLocation="http://www.springframework.org/schema/beans
    http://www.springframework.org/schema/beans/spring-beans.xsd
    http://www.springframework.org/schema/security
    http://www.springframework.org/schema/security/spring-security.xsd">

    <http auto-config="true" use-expressions="true">
        <intercept-url pattern="/resources/**" access="permitAll" />
        <intercept-url pattern="/hello*"
                       access="hasAnyRole('ROLE_ADMIN','ROLE_USER')" />
        <intercept-url pattern="/admin**" access="hasRole('ROLE_ADMIN')" />
        <intercept-url pattern="/staff**" access="hasRole('ROLE_STAFF')" />
        <form-login login-page="/login" default-target-url="/helloworld"
                    authentication-failure-url="/loginError" />
        <logout logout-success-url="/" logout-url="/j_spring_security_logout" />
        <csrf disabled="true" />
        <access-denied-handler error-page="/403" />
    </http>
    <authentication-manager>
        <authentication-provider>
            <jdbc-user-service data-source-ref="dataSource"
                               users-by-username-query="select username, password, active from users where username=?"
                               authorities-by-username-query="select username, role from user_roles where username=?" />
        </authentication-provider>
    </authentication-manager>
</beans:beans>

